,track_name,album,track_id,artist,duration,popularity,danceability,energy,key,loudness,mode,speechiness,acousticness,instrumentalness,liveness,valence,tempo
0,Still,LOUIE,2rbSlNYTYboHHWelF0xSAQ,Kenny Beats,162240,55,0.619,0.702,1,-7.847,0,0.124,0.185,0.0531,0.174,0.84,140.854
1,Closing Time,20th Century Masters: The Millennium Collection: Best Of Semisonic,1A5V1sxyCLpKJezp75tUXn,Semisonic,274160,72,0.478,0.854,7,-5.454,1,0.0289,0.0204,1.21e-06,0.115,0.274,91.854
2,If You Could Only See,Lemon Parade,4KoNBTm9a55KgLMtEaf3n6,Tonic,261519,66,0.433,0.946,10,-5.138,0,0.0398,0.00264,0.0,0.198,0.578,95.169
3,Closer To The Edge,This Is War,0UZwcRQAk4QR09HtGRZhYC,Thirty Seconds To Mars,273466,59,0.502,0.948,6,-3.717,1,0.12,0.0101,4.49e-06,0.0809,0.102,139.979
4,Monkey Wrench,The Colour And The Shape,44wXefe8WB9Fd6xwtmAwbR,Foo Fighters,231480,69,0.401,0.953,4,-4.276,1,0.0752,1.83e-05,2.56e-05,0.149,0.555,174.217
5,Avalanche,Avalanche,1zm4wE5UxlqWMkaGWcopsj,reggie,148280,49,0.694,0.796,1,-6.7,0,0.302,0.209,3.09e-05,0.288,0.919,156.861
6,Barely Miss,Barely Miss,4QPtyUkP2ysNjZDF5AuZMC,REASON,193656,50,0.848,0.594,1,-6.858,0,0.342,0.321,0.0,0.114,0.556,160.056
7,sipping my tea,sipping my tea,5f4NTBzhDSX8d8eT0HsZEL,Zack Fox,102548,56,0.821,0.713,6,-4.412,1,0.128,0.407,0.0,0.315,0.905,134.051
8,Movies,Anthology,0DVxWV6V1nWa7Ml68Frd3D,Alien Ant Farm,195706,61,0.55,0.934,9,-5.076,1,0.0595,0.000113,0.000736,0.18,0.527,112.846
9,Jesus Freak Lighter,Jesus Freak Lighter,22MPIMPsoi0vd46wsbpzfE,Blood Orange,152380,57,0.641,0.917,1,-9.749,1,0.0347,0.202,0.84,0.17,0.14,113.401
10,The Process (feat. Kay Franklin),The Process (feat. Kay Franklin),59OyFXckWQoTn73T5SZkiM,Neek Bucks,175909,30,0.68,0.711,6,-4.509,1,0.356,0.244,1.37e-06,0.0693,0.943,87.746
11,World Champ,While We're Here,4VIznE5GISZrFlTxFNE7Pc,Marlon Craft,146953,64,0.516,0.565,1,-6.77,1,0.207,0.147,0.000285,0.313,0.721,178.177
12,Riñones al Jerez,O'Funk'Illo,7FbEcyRYlaGW5XToW9nrvi,O'Funk'illo,254826,30,0.588,0.936,9,-6.758,1,0.0832,0.00117,0.000423,0.152,0.46,152.978
13,Egyptian Luvr (feat. Aminé and Dana Williams),Dear Annie,4uToWVHXLtKEEboNsG3n2u,Rejjie Snow,256613,57,0.834,0.591,10,-7.543,0,0.305,0.0553,0.0,0.074,0.9,104.944
14,Every Day,Every Day,5WXAKGcbmlPXboHrDqG99O,Grafh,178604,47,0.62,0.865,2,-5.163,1,0.13,0.19,0.0,0.119,0.763,172.022
15,"Hot Take, Pt. 1","Hot Take, Pt. 1",6Ri9x3SElgDeVQA6Q4WUSf,Huey Briss,112991,29,0.381,0.817,6,-5.355,1,0.441,0.18,0.0,0.115,0.66,170.481
16,Start The Show,Shaka Rock,4VHoOH1JraCcd4ioS7u8wF,Jet,238653,13,0.391,0.95,2,-3.255,1,0.0597,0.00559,5.16e-05,0.312,0.308,106.018
17,Tirando de Rama,Humo de Contrabando,0mkV6kYFL0gMscb5tA9xEN,Sinkope,314160,36,0.558,0.929,2,-5.668,1,0.0474,0.00127,2.32e-06,0.0588,0.615,90.98
18,25,25,7anRzZkf2STfXx331RQVrZ,Blvck Svm,128638,50,0.926,0.396,2,-10.567,1,0.262,0.248,0.191,0.108,0.298,134.971
19,Khlorine,In The Comfort Of,7yccv3iwUdVg2J7Qj5TpcL,Sango,230701,35,0.82,0.474,0,-9.672,1,0.298,0.2,9.39e-06,0.0944,0.482,153.028
20,Mundial,Mundial,0ND4nD1IDnH1DjuB4ZUEIW,Munic HB,162240,54,0.772,0.587,9,-8.02,0,0.139,0.219,0.0,0.273,0.367,125.012
21,cracked screen,no sleep in LA,5tw5H51GeMaSBcD0CHKsBq,blackwave.,212282,43,0.854,0.498,0,-10.27,1,0.115,0.0255,1.84e-05,0.0643,0.569,129.051
22,Private Valet,Spaceships on the Blade,2CxinLuB16KJjMPoIMLVTL,Larry June,143781,57,0.733,0.746,10,-6.279,1,0.142,0.191,0.000861,0.673,0.59,80.978
23,Double Up (feat. Belly and Dom Kennedy),Victory Lap,4iVD0fTHGxV9JWloujsL3s,Nipsey Hussle,361280,64,0.604,0.436,2,-8.32,1,0.188,0.0544,0.000242,0.162,0.239,107.978
24,See You Again (feat. Kali Uchis),Flower Boy,7KA4W4McWYRpgf0fWsJZWB,"Tyler, The Creator",180386,84,0.558,0.559,6,-9.222,1,0.0959,0.371,7.49e-06,0.109,0.62,78.558
25,ringtone,1000 gecs,3VHiIVQe8Sc6gtSsTp3pDz,100 gecs,143663,53,0.612,0.349,8,-6.984,1,0.26,0.0779,0.0,0.202,0.79,107.929
26,KLINK,NOIR,6tdAmfHEd4cXEkNbCMgOP9,Smino,182209,51,0.794,0.539,9,-7.928,0,0.391,0.0994,0.0,0.312,0.765,129.065
27,Nana Cruel,Lo Que Aletea en Nuestras Cabezas,2t3tvNtAGPsw54BdSKH2YT,Robe,404066,44,0.413,0.42,0,-9.999,1,0.0369,0.286,4.59e-05,0.111,0.274,107.907
28,CYANIDE,CASE STUDY 01,3uouaAVXpQR3X8RYkJyitQ,Daniel Caesar,194959,72,0.589,0.652,10,-7.498,1,0.373,0.704,0.00055,0.125,0.486,158.49
29,Aquellas Cosas Que Solíamos Hacer,100% Benito Kamelas (Directo),6WZJMeDLxHSm5LJLIr53LC,Benito Kamelas,310080,40,0.464,0.901,0,-4.708,1,0.0989,0.214,0.00673,0.632,0.5,164.408
30,Ángeles del suelo,En mi hambre mando yo,5cbSfO0BggVMgzxhSOIz12,Marea,222680,28,0.607,0.911,8,-4.879,0,0.037,0.00112,0.00103,0.0407,0.668,136.027
31,Heaven Beside You,Alice In Chains,1DCdIWCE5UFiObCsTSpKFv,Alice In Chains,327893,61,0.551,0.724,10,-7.09,0,0.032,0.00451,0.000167,0.116,0.559,111.243
32,Times Like These - Acoustic Version,00020225,1pXgBjIvALm97lDhroan2E,Foo Fighters,238586,61,0.588,0.559,4,-4.849,0,0.0272,0.128,0.0,0.0977,0.278,123.845
33,Island In The Sun,Weezer (Green Album),2MLHyLy5z5l5YRp7momlgw,Weezer,200306,77,0.654,0.81,4,-6.26,0,0.0288,0.00719,0.00251,0.165,0.661,114.623
34,I Hate Myself And Want To Die - 2013 Mix,In Utero - 20th Anniversary - Deluxe Edition,1kwsUMjFuePZBNB56gQYoA,Nirvana,179680,59,0.456,0.818,11,-11.286,1,0.0589,0.115,0.0,0.0995,0.257,115.556
35,Who's Next,Who's Next,4w0km4TE2tnHNBsyboAeXs,Al Safir,182645,52,0.582,0.605,10,-7.72,0,0.17,0.328,0.00377,0.0932,0.543,96.099
36,She Walks On Me,Live Through This,5mTr51BaKdaJ6tP1zqd5Tt,Hole,203866,44,0.201,0.936,9,-7.287,1,0.118,0.00577,0.0169,0.154,0.199,172.823
37,Todo Bien Remix (feat. Nickzzy),Todo Bien Remix (feat. Nickzzy),46b1C7VPlsFiVtftFbXIdr,Bores D,236444,45,0.728,0.52,6,-11.676,0,0.123,0.733,1.46e-06,0.113,0.654,135.031
38,White Limo,Wasting Light,57dem1V7wz8owejklpELCh,Foo Fighters,202466,48,0.368,0.939,9,-3.65,0,0.0382,5.29e-06,0.898,0.082,0.615,84.08
39,Stain,Incesticide,4IryVI254hGj0J8ND5r8gZ,Nirvana,160906,48,0.546,0.901,4,-11.778,0,0.0599,0.000203,2.2e-05,0.133,0.532,148.341
40,N95,Mr. Morale & The Big Steppers,0fX4oNGBWO3dSGUZcVdVV2,Kendrick Lamar,195950,82,0.79,0.67,1,-5.527,1,0.105,0.377,2.32e-06,0.119,0.408,139.956
41,IDFIATOK,IDFIATOK,3UCfeH1mZnwErqWZhiN32y,Ameer Vann,117366,43,0.811,0.756,6,-8.497,1,0.214,0.0321,0.0038,0.118,0.65,124.998
42,PRADA U,Gothic Luxury,71lNmjIsh04rw2SJ35TfnP,Meechy Darko,153113,45,0.386,0.595,1,-8.554,1,0.439,0.000272,1.1e-05,0.351,0.298,75.887
43,Stressed,Stressed,0VgFUdSwF7cdQMixbHIXzD,Doechii,183687,62,0.615,0.784,2,-5.446,1,0.139,0.00362,1.75e-05,0.133,0.405,115.205
44,ICARUS 3REESTYLE,Spiderr,3PcEemHRD24onozCZpLFkt,Bladee,126408,56,0.657,0.808,8,-8.185,0,0.0599,0.0649,0.0,0.388,0.863,144.986
45,Troubles [Feat. T-Pain],Melt My Eyez See Your Future,5gAYHuWkL18ccsxM6akJXP,Denzel Curry,160000,59,0.78,0.751,7,-4.681,0,0.177,0.546,3.36e-05,0.176,0.899,180.008
46,EVERY DAY,ROMCOM,6wL997i2vmU6D7hzTbfH4L,Jakey,191948,58,0.484,0.52,9,-7.614,1,0.031,0.203,0.0,0.408,0.404,139.652
47,pink & rose,pink & rose,3yVkrGS2o75gGmi5dzshVD,Lil Ugly Mane,202500,36,0.755,0.883,9,-5.231,1,0.0993,0.219,0.445,0.185,0.636,96.024
48,Sign Language,Sign Language,4wGAMAf3eUM0TKY4CbGvvT,REASON,140214,43,0.857,0.742,10,-6.182,0,0.361,0.334,0.0,0.128,0.541,137.988
49,Floorboards,Floorboards,742SnYhPRUReVJwoDnwJgb,COLD MEGA,201413,37,0.595,0.873,10,-5.692,1,0.1,0.105,0.708,0.338,0.478,146.03
50,Hot Shit (feat. Ye & Lil Durk),Hot Shit (feat. Ye & Lil Durk),3uJFmluXzYedoJcvhpC1AW,Cardi B,211649,75,0.878,0.685,9,-5.28,1,0.225,0.00152,0.0,0.0753,0.523,157.003
51,Chronicles (feat. H.E.R. & Lil Durk),From a Birds Eye View,6oOJL3xj8zRz6URS0SwlXC,Cordae,212076,63,0.678,0.527,4,-9.038,0,0.301,0.3,0.0,0.119,0.583,76.847
52,Oxford Circus,Oxford Circus,41pmDwHHK9rvdvp6sezqaf,Frex,152019,65,0.418,0.37,1,-10.416,1,0.104,0.583,0.00726,0.132,0.243,179.66
53,blkswn,blkswn,1BFFcF83SmsS6cKBLZGjkc,Smino,172560,52,0.788,0.392,1,-8.944,0,0.295,0.322,0.0,0.0791,0.481,107.086
54,GROWING UP IS _____,GROWING UP IS _____,2wJ1eOCIBwoQiN7xQtrTAY,Ruel,233587,67,0.673,0.729,0,-5.664,1,0.029,0.000983,0.000107,0.226,0.482,112.535
55,Sticky,"Honestly, Nevermind",4rmVZajAF7PkrCagGPHbqa,Drake,243227,80,0.853,0.495,6,-14.63,1,0.14,0.0917,0.000217,0.0844,0.0774,137.027
56,Just a Day - Edit,The Singles,54hC2IlmwTiwbj1oyLxg69,Feeder,225093,52,0.24,0.98,4,-1.274,1,0.105,0.00275,0.00249,0.133,0.373,187.24
57,Purity (feat. Frank Ocean),TESTING,2MF4HtZHBoUliOi9nOAbS0,A$AP Rocky,262360,67,0.593,0.37,11,-11.674,0,0.397,0.832,0.0,0.108,0.312,135.391
58,Time,LIL BIG MAN,1jPTKmJDrN9X9TqxvH5jC9,Maxo,202493,45,0.522,0.68,3,-9.463,0,0.391,0.285,0.162,0.0947,0.4,84.891
59,You Won't Come Around,Sand,1WuvTtpDhZWH1zFgSpbR3m,Balthazar,320013,38,0.591,0.392,5,-12.262,1,0.0358,0.448,0.324,0.0766,0.718,158.017
60,Fake It,Finding Beauty In Negative Spaces (Bonus Track Version),4eAwB5pnKFTmsgc3zWoYO0,Seether,193893,75,0.611,0.95,8,-3.509,1,0.0518,0.00141,1.59e-06,0.0543,0.607,132.078
61,Tropicana (Bonus Track),Arcade,55IuU6L7o7kOGcvH5eP43u,Topaz Jones,145031,47,0.834,0.465,11,-8.079,0,0.338,0.041,0.0,0.0884,0.786,136.927
62,Spitshine,blkswn,3OQdQYHxBUN5YZDmbjc08z,Smino,130342,47,0.751,0.688,11,-8.116,0,0.501,0.143,0.0,0.475,0.778,90.113
63,She Hates Me,Come Clean,16DhvbuyvJob4Q9GHNYu2n,Puddle Of Mudd,216760,71,0.58,0.748,4,-5.433,1,0.0323,0.00935,0.0,0.753,0.584,109.781
64,Re-Wired,Velociraptor!,3JLut0m7dVTW4OjIDw4k6O,Kasabian,284186,26,0.692,0.828,11,-6.061,0,0.0466,0.0131,6.51e-05,0.43,0.433,114.981
65,Fat Lip,"All Killer, No Filler",4KacUpvbA3Mfo05gttTjhN,Sum 41,178266,73,0.402,0.914,9,-5.215,1,0.142,0.000579,0.0,0.065,0.626,196.505
66,Made It Back,H.O.A.T,46QhLMYEvzKfI9K6M1f5xQ,Matty Wood$,170817,11,0.687,0.449,1,-11.419,1,0.179,0.431,0.00342,0.109,0.14,163.091
67,Escapade,Live for the Moment,52R1numebSOrfUcRPFplmX,The Sherlocks,223693,29,0.427,0.95,0,-3.57,1,0.0947,0.000906,1.26e-06,0.0494,0.391,141.982
68,New Fang,Them Crooked Vultures,7uJLdyIAaYLGT0oLw7I6b3,Them Crooked Vultures,228639,56,0.278,0.961,7,-3.845,1,0.0607,7.36e-06,0.000662,0.0268,0.752,189.664
69,Getaway,Blossoms,28xNkIiTuxsWr4DYld4jno,Blossoms,179954,50,0.529,0.824,6,-5.399,0,0.0337,0.000285,3.02e-06,0.123,0.522,131.038
70,6th Avenue Heartache,Bringing Down The Horse,1qEyqHR1xsj2MC4Qy0dsaI,The Wallflowers,337400,57,0.454,0.853,5,-6.494,1,0.0367,0.046,0.000198,0.334,0.531,150.081
71,Éxtasis,Así Soy Yo,3NqbKUOgaU2LgIFRbu4B12,Millonario & W. Corona,289013,73,0.937,0.791,0,-5.242,1,0.087,0.0205,0.000234,0.0433,0.974,119.965
72,"Quevedo: Bzrp Music Sessions, Vol. 52","Quevedo: Bzrp Music Sessions, Vol. 52",2tTmW7RDtMQtBk7m2rYeSw,Bizarrap,198937,97,0.621,0.782,2,-5.548,1,0.044,0.0125,0.033,0.23,0.55,128.033
73,Mountains,Only Revolutions,7ID1obCK75QsDQuf9pEVxK,Biffy Clyro,201146,42,0.507,0.852,1,-6.841,1,0.0453,0.000676,1.28e-05,0.0599,0.595,158.0
74,River of Deceit,Above (Deluxe Edition),5EUsI3LIV042IV5ydksV9y,Mad Season,302906,56,0.455,0.29,0,-11.473,1,0.0288,0.0614,0.00225,0.101,0.169,88.523
75,We Care a Lot,Introduce Yourself,2z1uVu3OwTmPlfqt5TWk5k,Faith No More,243600,53,0.799,0.887,2,-5.775,1,0.0411,0.08,9.58e-05,0.0975,0.9,108.919
76,Kathleen,The Balcony,1MHYAqWWdDRePmnqORynrq,Catfish and the Bottlemen,160886,66,0.489,0.892,11,-4.757,0,0.0786,0.000369,0.00293,0.411,0.598,137.93
77,Blow Up The Outside World,Down On The Upside,5TLA7O0ogTqwZHbS3ERabw,Soundgarden,345666,56,0.33,0.529,9,-10.043,1,0.0358,0.000807,0.214,0.126,0.148,140.156
78,Rabbit Hole,Carry On The Grudge,2NZdyQ83lnlgUTUUHPyVN4,Jamie T,219853,45,0.494,0.899,7,-3.428,0,0.086,0.112,0.0,0.191,0.627,160.035
79,Feel the Pain,Without a Sound,28c4nfBHdb3xviamRCEsIe,Dinosaur Jr.,259600,58,0.34,0.804,0,-8.355,1,0.0516,0.00331,0.0191,0.0727,0.854,131.5
80,family ties (with Kendrick Lamar),The Melodic Blue,3QFInJAm9eyaho5vBzxInN,Baby Keem,252262,80,0.711,0.611,1,-5.453,1,0.33,0.00588,0.0,0.23,0.144,134.093
81,Dale,Esta Vida Es Un Jaleo,7L2ig6tdF4PQ0ZnF4hpOFB,Pole.,164181,52,0.824,0.807,2,-4.11,1,0.0468,0.0164,0.0,0.22,0.801,109.992
82,Toblerone,Juglar del Siglo XXI,3Z4bNZw6nYqSGk0PdL3zwp,Ayax y Prok,199550,49,0.479,0.896,8,-5.775,0,0.511,0.0263,0.0,0.175,0.474,177.734
83,Noria,Noria,60zdEgLQUEYIBAF7BPXSB8,Quevedo,173972,57,0.557,0.543,9,-7.437,0,0.0805,0.606,0.0,0.159,0.495,90.23
84,Money Trees,"good kid, m.A.A.d city",2HbKqm4o0w5wEeEFXm2sD4,Kendrick Lamar,386906,80,0.716,0.531,7,-7.355,1,0.122,0.0703,0.0,0.224,0.344,71.994
85,I Love My Homies,I Love My Homies,7tBwo8HOnM68mTeWNAHs6X,Skeez,167940,56,0.655,0.5,3,-9.003,1,0.0559,0.459,0.0,0.323,0.439,80.529
86,killstreaks (with Don Toliver & PinkPantheress),The Melodic Blue (Deluxe),754hhnczVNu3ibRaoAcujX,Baby Keem,215679,68,0.777,0.574,4,-5.565,0,0.0386,0.0542,1.87e-05,0.155,0.0603,108.003
87,Cayó La Noche,Cayó La Noche,2jeDtqfRAGJb9McjwfXN9I,La Pantera,215172,59,0.768,0.706,5,-6.487,0,0.364,0.138,2.36e-06,0.0921,0.826,173.951
88,Capi,Capi,1yJGcxW3Pg5txBM45L1PeF,Nickzzy,169018,50,0.751,0.735,11,-6.958,0,0.342,0.643,0.000145,0.0971,0.716,142.09
89,tell me a joke,I Didn't Mean To Haunt You,2fOYcnUo9iPTOqIlSg26MY,Quadeca,304613,57,0.198,0.434,5,-14.002,1,0.0562,0.292,0.3,0.118,0.0992,173.765
90,Pudgy (with Lil Uzi Vert),Luv 4 Rent,4oebzB09U8UoYtNnS6vTjt,Smino,135774,64,0.776,0.773,10,-6.387,0,0.0354,0.649,9.01e-06,0.127,0.478,98.999
91,Messed Up Kids,Shangri La,2ZJeRjU4MII0lc0MZYwVrJ,Jake Bugg,179893,36,0.543,0.911,6,-4.077,1,0.0291,0.00119,0.0,0.0857,0.376,130.259
92,Watch Over You,Blackbird,7kxfWvj6u9oWQ5C36kMtGb,Alter Bridge,259133,60,0.276,0.658,7,-5.418,1,0.0329,0.0836,0.000553,0.161,0.16,172.326
93,Stand Inside Your Love,Machina / The Machines Of God,3RciEQxS7PxtLqMs7OwRsU,The Smashing Pumpkins,254493,52,0.271,0.759,6,-7.419,1,0.0327,3.37e-06,0.842,0.335,0.381,136.081
94,Wish,Four Songs,545N3VnU7ZSBEUtdRGSUS9,Blood Orange,181453,57,0.597,0.697,5,-12.678,0,0.0329,0.522,0.716,0.2,0.198,132.555
95,Zzyzx Rd.,Come What(ever) May,2irwBysrY0SrdJ6whdWy2g,Stone Sour,325733,46,0.473,0.61,11,-5.807,1,0.0292,0.00691,0.00407,0.2,0.215,159.068
96,Die Born,Days Of The New (Red Album),5yA7AoyGWSUoxALn0RxCfb,Days Of The New,236573,46,0.516,0.703,6,-7.061,1,0.0272,0.0807,0.0,0.0912,0.471,149.915
97,Getaway,Blossoms,28xNkIiTuxsWr4DYld4jno,Blossoms,179954,50,0.529,0.824,6,-5.399,0,0.0337,0.000285,3.02e-06,0.123,0.522,131.038
98,Cocoon,The Balcony,1B241LRKmK6qDDTZfUajmm,Catfish and the Bottlemen,236887,65,0.446,0.91,7,-4.481,0,0.0652,0.000254,9.76e-05,0.077,0.325,133.053
99,My Number,Holy Fire,04caEZhAsQKnWqKsMwk9ud,Foals,238853,67,0.639,0.715,6,-8.954,0,0.0392,0.0243,0.000552,0.619,0.813,128.072
100,"MHD: Bzrp Music Sessions, Vol. 44","MHD: Bzrp Music Sessions, Vol. 44",4JC18crxRPZOuTqBfXKFIR,Bizarrap,173380,58,0.874,0.899,3,-3.046,0,0.248,0.283,0.0,0.235,0.831,123.99
101,Uncle Iroh,Uncle Iroh,1PV9dtzC0wyx71YwoGDLiO,tobi lou,147692,53,0.771,0.621,0,-11.318,1,0.279,0.219,0.0,0.169,0.702,156.026
102,Nmout 3lik,☉cáncer ↑capricornio ☾virgo,05ZKGe9Di06EQvEYkLJnbk,Cruz Cafuné,172058,52,0.79,0.529,7,-9.391,1,0.153,0.157,0.332,0.435,0.555,129.029
103,Right Now,Round The Way,2isPZw0VquEz9RPSIPUvV9,Malz Monday,209076,48,0.57,0.6,6,-7.06,0,0.337,0.363,0.0,0.078,0.691,86.723
104,Mujeriego,Reggaetonea,4jiYaQVHzMfKhEeLypWpNO,Ryan Castro,142500,66,0.758,0.621,9,-8.033,1,0.125,0.0628,0.0,0.0809,0.92,79.949
105,TIERRA ZANTA,BIEN O MAL,73zQG7t3tZDyePEflVSqJJ,Trueno,237658,62,0.565,0.807,1,-5.413,0,0.274,0.547,0.0,0.421,0.31,104.777
106,bluebonnets,bluebonnets,0bIHWAGW7gahdRc4JP2Eup,Austin George,126000,57,0.591,0.694,10,-9.48,1,0.0597,0.315,0.0,0.472,0.51,86.001
107,Ojo de Halcón,BBO,0VhfZo2uwcWnQGExuOxNKq,Hoke,110943,59,0.742,0.504,1,-8.596,1,0.195,0.606,0.00567,0.14,0.494,98.077
108,No Saben Como Vivo,No Saben Como Vivo,76Uh13sk4vhuVtQHq4VB3d,Dollar Selmouni,169017,51,0.824,0.436,2,-8.59,1,0.125,0.599,0.0,0.162,0.681,94.044
109,Míranos,Míranos,1QKGISbbZlX3ahREcA6MCx,Ceaxe,116307,49,0.654,0.481,2,-10.817,1,0.337,0.683,0.0,0.111,0.373,168.028
110,Came Up (feat. Post Malone & Key!),Came Up (feat. Post Malone & Key!),6GAhe3wXCDJP1RK5lZLyjX,Flosstradamus,214929,36,0.613,0.879,6,-4.649,1,0.0729,0.00908,1.66e-06,0.108,0.497,76.966
111,THE TASTE feat. BJ The Chicago Kid & Papi Beatz,THE TASTE feat. BJ The Chicago Kid & Papi Beatz,58aAwDsUeZsl5DjBkqMuBG,VIC MENSA,186195,46,0.597,0.533,7,-8.406,0,0.0454,0.197,2.49e-06,0.114,0.256,134.165
112,Holy Shit,Holy Shit,3AXiBIeLoChBL3McZtMLy2,AG Club,160052,20,0.48,0.885,10,-7.919,0,0.462,0.0667,0.0,0.301,0.193,120.022
113,Who's Next,Who's Next,4w0km4TE2tnHNBsyboAeXs,Al Safir,182645,52,0.582,0.605,10,-7.72,0,0.17,0.328,0.00377,0.0932,0.543,96.099
114,VAMONOS,BACK TO ROCKPORT,7b9kVs2a1ljoTqZp6TRezW,Kidd Keo,153878,63,0.706,0.714,11,-6.451,1,0.0511,0.409,1.03e-06,0.368,0.622,156.053
115,Rivotril,Rivotril,6FBTQw1k6BCIOA7A64sWZF,Magus,166221,45,0.747,0.614,8,-7.834,0,0.347,0.678,0.0,0.0656,0.602,130.129
116,falling,EP3,3v61DyG93LsHgpAtCaXMYV,ATO,192000,41,0.836,0.54,8,-8.327,0,0.299,0.0567,0.0,0.0736,0.802,159.973
117,Space Cadet (feat. Gunna),NOT ALL HEROES WEAR CAPES (Deluxe),1fewSx2d5KIZ04wsooEBOz,Metro Boomin,203266,80,0.901,0.464,5,-9.789,0,0.0645,0.368,1.71e-05,0.238,0.638,109.004
118,Me Porto Bonito,Un Verano Sin Ti,6Sq7ltF9Qa7SNFBsV5Cogx,Bad Bunny,178567,95,0.911,0.712,1,-5.105,0,0.0817,0.0901,2.68e-05,0.0933,0.425,92.005
119,Demasiadas Mujeres,El Madrileño,3GaGWoU1KfVqgl7vnRHP55,C. Tangana,153960,79,0.658,0.453,9,-7.378,0,0.39,0.131,0.0002,0.0848,0.358,126.043
120,Headlines,Take Care (Deluxe),6LxSe8YmdPxy095Ux6znaQ,Drake,235986,76,0.636,0.566,6,-7.16,0,0.106,0.365,0.000353,0.0917,0.425,151.894
121,Cuando Eramos Reyes,Personal,3dnKQFrKM4aaC9UJLFbbJs,Quique González,210733,41,0.6,0.825,11,-4.934,1,0.0389,0.0638,0.0,0.214,0.877,125.339
122,Macetas de Colores,Eres Buena Gente,5ghuyIHTbWmqzsK6eTrAXb,El Desván Del Duende,244773,48,0.75,0.678,4,-6.996,1,0.0609,0.396,0.0,0.0857,0.678,102.096
123,Spend It,Codeine Cowboy,36vjs14mqcOXQEZrFnK0Kp,2 Chainz,209659,33,0.809,0.667,6,-9.759,1,0.273,0.0421,0.0,0.372,0.657,138.52
124,De Mar en Mar,El Lado de los Rebeldes,5tA30UTCxd4n5Fzaz4p6WK,La Raíz,296426,39,0.748,0.884,7,-5.471,1,0.0393,0.088,0.0,0.0528,0.956,99.024
125,Weekend Friend,Weekend Friend,2d3QlXE6FXFDeodiS66yjM,Goth Babe,209454,67,0.409,0.594,1,-9.725,1,0.031,0.032,0.0391,0.0904,0.212,110.187
126,Younger,He Seems Upset,778qh7SKGrqhP0kt4LoyXr,The Hails,227110,53,0.7,0.444,9,-6.614,1,0.0349,0.22,4.52e-06,0.193,0.837,170.016
127,We In This 1.5 (feat. Drake and Future),Quality Street Music,4eAYIdhLES5fHdxcj2JdQK,DJ Drama,201973,42,0.402,0.839,4,-4.921,0,0.119,0.169,0.0,0.442,0.525,153.985
128,Mi Primer Día,Mi Primer Día,1clnoQ7g8iOMj1o6Co1Qcm,Los Aslándticos,244426,35,0.654,0.839,4,-4.9,0,0.108,0.0653,0.0,0.895,0.706,109.963
129,Copenhague,Un Día en el Mundo,4bZEZhCq2kqUxnMacXVl5x,Vetusta Morla,303693,60,0.559,0.742,9,-3.945,1,0.0243,0.411,0.0107,0.133,0.482,92.959
130,A Tiempo,A Tiempo,1HxDKQVTRTeYVkMHHd9lit,JAVI BAMBINI CATTIVI,121254,36,0.663,0.683,8,-7.347,1,0.407,0.691,0.00318,0.145,0.498,91.147
131,Trust,Lost,0oufSLnKQDoBFX5mgkDCgR,Brent Faiyaz,158420,78,0.764,0.394,8,-8.559,1,0.152,0.231,9.37e-05,0.117,0.465,92.009
132,Spitshine,blkswn,3OQdQYHxBUN5YZDmbjc08z,Smino,130342,47,0.751,0.688,11,-8.116,0,0.501,0.143,0.0,0.475,0.778,90.113
133,Tú,Dollar Selmouni,4QOHROWwNWjyEpu5dRwjSR,Dollar Selmouni,271447,18,0.5,0.276,11,-10.223,0,0.0353,0.747,0.000237,0.117,0.087,99.939
134,Walk On By,Drunk,6fkL9CjWmjeV6vfDxTp9OZ,Thundercat,199136,61,0.825,0.302,8,-11.651,1,0.282,0.204,0.0,0.0762,0.747,94.956
135,Cuando No Estás Tú,Sangre,6nOHaG07ezweDGN0ha0vVq,Denom,219477,38,0.601,0.78,1,-6.218,0,0.125,0.307,0.0,0.0885,0.0629,96.399
136,NO SECRET (feat. Drake),GOD DID,510mvRgE4jLSsJcBh2pH0j,DJ Khaled,47354,74,0.398,0.626,1,-4.164,0,0.0367,0.195,2.55e-05,0.16,0.0404,106.733
137,Bukowski,Bukowski,04G7s84Y5Wpuq77I6IfVvX,Ayax y Prok,208000,56,0.574,0.761,4,-6.399,0,0.384,0.114,0.0,0.966,0.56,90.174
138,Slide,A 64 East Saga,52EVaahZbXLm2cWySnf4px,Ryan Trey,163317,43,0.655,0.46,1,-7.858,1,0.0612,0.56,0.0,0.0822,0.613,91.016
139,Los Reales (feat. Petit Ribery),Los Reales (feat. Petit Ribery),5ouq5cqcBa7w4kYZFqH355,Dollar Selmouni,189941,27,0.64,0.553,6,-9.766,0,0.0824,0.731,0.0,0.0968,0.885,171.938
140,Swimming Pools (Drank),Swimming Pools (Drank),6REbwUNlppTfcnV4d4ZoZi,Kendrick Lamar,247800,77,0.577,0.447,8,-5.892,1,0.277,0.00627,0.00022,0.0899,0.189,74.236
141,Topanga,A Love Letter To You 3,5aXgz1oKK8Q9z9xvTmSnrO,Trippie Redd,215364,68,0.755,0.615,4,-8.245,1,0.0454,0.00587,1.75e-06,0.109,0.039,105.955
142,Mona Lisa (feat. Kendrick Lamar),Tha Carter V,0dbTQYW3Ad1FTzIA9t90E8,Lil Wayne,324189,67,0.856,0.694,2,-4.393,1,0.169,0.371,0.0,0.109,0.489,122.08
143,Buscando en la basura,Negociando gasolina,46Yp4JsZIh8ceg5WBqW1ZB,La Fuga,208839,57,0.557,0.857,2,-3.809,1,0.0489,0.00531,0.0,0.115,0.647,95.025
144,Inés,De Espaldas Al Mundo,1B2KqBbo71jf5n3lftM6G2,Boikot,145213,45,0.572,0.899,4,-4.88,0,0.0633,0.00265,0.000384,0.0967,0.857,155.052
145,Opposites Attract (Tomorrow W/O Her),Overly Dedicated,1S6NpdvFXqHZfPUUEOIjtG,Kendrick Lamar,271909,49,0.608,0.814,6,-5.908,1,0.435,0.657,5.86e-06,0.256,0.587,192.157
146,Low Down,My Turn (Deluxe),5m0yZ33oOy0yYBtdTXuxQe,Lil Baby,144651,69,0.962,0.619,10,-5.562,0,0.405,0.0354,0.0,0.083,0.154,127.958
147,Provider,Provider,6R6ihJhRbgu7JxJKIbW57w,Frank Ocean,243238,64,0.654,0.325,2,-11.925,1,0.282,0.74,2.14e-05,0.152,0.39,139.886
148,Stand By,"Yo, Minoría Absoluta",6BxCmy6vGbuOckxg6YfQOW,Extremoduro,207986,61,0.466,0.629,7,-4.684,1,0.0421,0.279,0.436,0.141,0.396,132.663
149,Verborrea (with Roberto Iniesta & Iñaki Antón),Caballo de Oro,3i8T2Jk8HeN8LLQl6jSCqm,Poncho K,243920,45,0.547,0.681,4,-5.582,0,0.0387,0.0343,1.23e-06,0.106,0.348,155.969
150,Oldie,The OF Tape Vol. 2,53dkS3h9uTNsWYZTPacnpx,Odd Future,636213,63,0.839,0.583,1,-5.941,1,0.268,0.239,0.0,0.262,0.564,87.99
151,Drugs N Hella Melodies (feat. Kali Uchis),Life of a DON,0IX5OFffosy8wk16m1IFCa,Don Toliver,198057,67,0.56,0.707,1,-6.863,0,0.07,0.264,0.000268,0.108,0.341,147.0
152,Un giorno in più,A passi piccoli,5SUCofUyCpVuWUzlo031OF,Michele Bravi,216706,35,0.585,0.602,10,-5.516,1,0.0314,0.429,0.0,0.12,0.25,78.006
153,Rich Nigga Problems,Rich Nigga Problems,4i9ATUqGrKhfzQ0k8UnSBf,A$AP Rocky,217293,53,0.619,0.561,5,-7.824,0,0.417,0.103,0.0,0.45,0.587,74.861
154,Sopra,Punk,3Cbaa4ZmODhKEGSkMsbkOO,Gazzelle,193573,55,0.582,0.717,2,-4.186,1,0.0274,0.0965,1.42e-05,0.398,0.227,116.975
155,Quel sorriso in volto,Testa o croce,4KNumtDS7aWRwDZDmWJ2lN,Modà,241760,57,0.477,0.618,8,-6.643,1,0.0259,0.0203,0.0,0.0901,0.186,158.059
156,Ur_Room,ULTRAMARINE,2pACOpgaJOULkKFatoEbAR,Wesley Joseph,144053,64,0.602,0.343,0,-9.519,1,0.0817,0.695,0.257,0.0943,0.274,118.985
157,Que Pasó?,Que Pasó?,6F0pigRmFaRBpLMiU580UD,El Bobe,194175,52,0.774,0.737,4,-8.033,0,0.252,0.834,0.000355,0.125,0.676,139.972
158,These Days,These Days,42KrZrk0IG0zFPzVkRNqh0,Tems,172000,58,0.536,0.51,0,-8.809,0,0.152,0.716,1.2e-05,0.0964,0.262,159.965
159,Intro,Tirititando,1PPmg6kVul7vWToAv8QiNQ,FERNANDOCOSTA,159584,45,0.723,0.725,10,-9.206,0,0.46,0.581,0.0,0.108,0.736,94.899
160,Oh My,Crop Circle,4FT4AcXazqJZEASIVtTQad,Nines,246506,57,0.848,0.511,3,-7.413,0,0.122,0.336,0.0,0.0829,0.787,137.064
161,Mode Avion,Mode Avion,0y1WXH5gcAFDNiVnwlxv8g,Favé,153246,57,0.711,0.659,2,-6.736,1,0.178,0.35,0.0,0.108,0.475,76.501
162,Entre la Espada y la Pared,Biribibae,2ZTfNkDjuN3kMHJ9hxB6IS,Nikone,212831,29,0.601,0.717,5,-6.021,0,0.425,0.452,0.0,0.127,0.711,78.567
163,Toosie Slide,Dark Lane Demo Tapes,466cKvZn1j45IpxDdYZqdA,Drake,247058,69,0.83,0.49,1,-8.82,0,0.209,0.289,3.04e-06,0.113,0.845,81.604
164,Destello,Destello,72o1DDOkDOVPNINYwNJuAU,Miranda,216618,51,0.592,0.602,11,-8.781,1,0.148,0.868,0.00028,0.152,0.309,99.687
165,Lucid Dreams,Goodbye & Good Riddance,285pBltuF7vW8TeWk8hdRR,Juice WRLD,239835,85,0.511,0.566,6,-7.23,0,0.2,0.349,0.0,0.34,0.218,83.903
166,Gucci Peacoat,My Brother’s Keeper (Long Live G),0lQ1lmYqurunIRdoVVVHM1,DaBaby,172098,47,0.91,0.657,0,-8.489,0,0.235,0.0798,0.0,0.307,0.448,122.911
167,Quemar el Mar,Vértigo,36I0ChI0Jaa9uPBtFJkvPQ,Lágrimas De Sangre,289379,50,0.623,0.902,7,-4.022,0,0.091,0.555,0.0,0.385,0.829,94.018
168,Same Bitches (feat. G-Eazy & YG),beerbongs & bentleys,688QpQAwqsLdBR6lr13wK1,Post Malone,212466,63,0.731,0.774,10,-5.273,0,0.0555,0.434,3.34e-06,0.114,0.219,100.005
169,Sinmigo,Invencibles,31dqyIkGxnpHB69f0CR9U1,Mr. Kilombo,205653,51,0.406,0.167,6,-15.159,1,0.033,0.91,2.09e-05,0.112,0.385,94.742
170,Sakalakalashnikov,Sakalakalashnikov,4q8wkcopfp72FMu7vhRb7b,Ayax y Prok,268010,40,0.521,0.864,4,-4.34,0,0.377,0.0544,0.0,0.203,0.305,188.56
171,Love Illumination,"Right Thoughts, Right Words, Right Action (Deluxe Edition)",06Qha323s06okpZ4LmMX7P,Franz Ferdinand,222282,56,0.53,0.864,4,-3.323,0,0.0557,0.0978,3.12e-06,0.153,0.85,153.314
172,Hacia el Norte,Copacabana,0AWYr1HWKsVGWyqbIpTcAo,IZAL,251506,42,0.471,0.898,4,-3.833,0,0.0948,0.252,0.0,0.164,0.475,150.057
173,Primera Vez,Viaje Iniciático,2lOzcthlgfWRyaD0BpwFR3,Second,292080,33,0.628,0.795,5,-3.537,1,0.0255,0.0148,0.0,0.165,0.363,134.948
174,Poca Suerte,Poca Suerte,5NuVQ1a9vJxMeXJNMpXfZ7,Funzo & Baby Loud,238461,53,0.737,0.513,8,-6.978,0,0.0519,0.356,0.0,0.177,0.271,156.05
175,Lo Siento Nena,Lo Siento Nena,36QPQbOhR6ukcE1ldaymoM,Hens,199434,28,0.452,0.634,6,-10.633,0,0.279,0.511,0.0,0.126,0.421,104.326
176,Jeannie Nitro,We Need Medicine,3xdaMdQfXRzzI7v9PvYd7c,The Fratellis,259839,30,0.555,0.836,9,-4.485,0,0.0727,0.014,0.000324,0.11,0.597,152.897
177,Vente Conmigo,Los Niños,6Mfaxn9nmQN7PHGxhUOaKc,Dollar Selmouni,201818,46,0.536,0.717,0,-4.246,0,0.31,0.835,0.024,0.126,0.376,175.779
178,Go With The Flow,Songs For The Deaf,0wzRcekWyVCSyPtlPOeJau,Queens of the Stone Age,187146,68,0.246,0.991,9,-3.903,1,0.087,0.00944,0.0753,0.867,0.415,159.39
179,The Hardest Button to Button,Elephant,3RdQfyk7BBxxIx0zSnCBIw,The White Stripes,212888,63,0.694,0.515,4,-8.663,0,0.0736,0.00666,0.622,0.0884,0.566,128.246
180,Graine de sablier,Batterie faible,0H9sMunfG1M6HshCifS0ex,Damso,197613,56,0.773,0.522,5,-5.021,0,0.196,0.0596,0.0,0.19,0.628,118.065
181,Prefijos,Prefijos,1hinlUZCriLuIxfBFWZrYa,Endyel,196080,26,0.798,0.586,11,-8.008,0,0.535,0.284,0.0,0.358,0.523,81.005
182,Sisyphe,Sisyphe,3ebvg5TZhdePjeUfEVDsCh,Krisy,202500,38,0.744,0.81,8,-5.531,0,0.0364,0.135,0.000711,0.136,0.47,130.01
183,Para Llegar Arriba (Pt.1),Para Llegar Arriba,30QkPf3KGmQcEJxWUToPs7,Rels B,202774,46,0.616,0.706,6,-4.697,0,0.251,0.672,4.27e-05,0.838,0.663,86.97
184,Dinamo (feat. Chicho Beats),Yipiyou,5Givva6Je0aVBdlQsoiVbJ,FERNANDOCOSTA,156985,49,0.693,0.672,1,-7.724,0,0.288,0.788,0.0,0.109,0.688,92.222
185,Akimbo,Akimbo,4Btg1zMSYU2iJ0mQGQGokv,Ziak,150973,58,0.807,0.755,7,-5.263,1,0.284,0.459,0.0,0.09,0.573,144.776
186,Si nos vamos,Si nos vamos,1PssPMY2c6vBIdfipUMR3X,Marc Seguí,166750,52,0.61,0.495,8,-7.524,1,0.171,0.673,0.0,0.0639,0.793,90.328
187,AGAMAGOHENMAPOKE - I Got My Gun in My Pocket,AGAMAGOHENMAPOKE (I Got My Gun in My Pocket),3pljbfiRPu0MKE4NmdnGkM,Mister V,143538,43,0.952,0.593,1,-10.145,1,0.404,0.169,0.0,0.0669,0.655,130.005
188,30 Veranos de Fuego,La Conciencia,5Ib31rKEr1Qv46diT208yr,Nuñez,211914,30,0.584,0.828,9,-6.584,1,0.113,0.0914,1.22e-06,0.125,0.503,93.919
189,Savastano,Eurêka,1XqVjU4BXgCqYpDpQeoTYG,Hayce Lemsi,245465,33,0.867,0.678,8,-6.031,0,0.323,0.202,0.0,0.0811,0.723,142.097
190,Savior,Appeal To Reason,1vcxF91pWs9uNwDROuiCPB,Rise Against,242280,75,0.554,0.932,5,-3.424,0,0.0485,0.00154,0.000142,0.425,0.478,112.49
191,See You Again (feat. Kali Uchis),Flower Boy,7KA4W4McWYRpgf0fWsJZWB,"Tyler, The Creator",180386,84,0.558,0.559,6,-9.222,1,0.0959,0.371,7.49e-06,0.109,0.62,78.558
192,All My Life,One By One (Expanded Edition),6tsojOQ5wHaIjKqIryLZK6,Foo Fighters,263440,73,0.577,0.604,5,-5.703,1,0.0495,0.000218,0.000579,0.477,0.637,167.719
193,Keep Away,Godsmack,1lrwHbZhCXUhb7zI0VcIPA,Godsmack,290066,56,0.362,0.923,2,-5.192,1,0.0727,3.87e-05,0.00566,0.476,0.444,99.003
194,Fat Lip,"All Killer, No Filler",4KacUpvbA3Mfo05gttTjhN,Sum 41,178266,73,0.402,0.914,9,-5.215,1,0.142,0.000579,0.0,0.065,0.626,196.505
195,Sunny Hours Reprise,Wonders Of The World,19lOKQVTyYLoXIkrGWJtli,Long Beach Dub Allstars,210506,32,0.784,0.733,9,-3.546,1,0.031,0.0482,7.65e-05,0.0666,0.556,96.258
196,Spin Bout U,Her Loss,2ZL7WZcjuYKi1KUDtp4kCC,Drake,214588,87,0.773,0.701,7,-6.386,1,0.0512,0.01,0.0,0.163,0.203,129.963
197,Already,From My Point Of View: Reloaded,2SQ7IJTSBJcBcIkc7q7kp8,Landstrip Chip,168013,35,0.835,0.605,4,-5.111,0,0.142,0.189,0.000192,0.0973,0.33,159.997
198,Starseed,Naveed,4et8vIjMkwvHvtaBp1yh70,Our Lady Peace,244040,51,0.516,0.907,6,-6.137,1,0.0496,0.000356,0.028,0.0903,0.457,131.913
199,Through Glass,Come What(ever) May [10th Anniversary Edition],5NeIONQWJ25uPylJBJiO4c,Stone Sour,282946,70,0.545,0.753,3,-4.618,0,0.036,0.0417,0.0,0.389,0.434,105.754
200,Balada,Cicatrices,0mDLyhVPv3xHhPKICZlLrk,Natos y Waor,183529,39,0.638,0.637,4,-6.466,0,0.419,0.58,0.0,0.119,0.639,85.056
201,Young Sinatra,Blow Up,0Y6FnT5WeEVrPBwI1uJyfr,Al Safir,120000,54,0.646,0.667,9,-8.339,0,0.31,0.593,0.00332,0.108,0.167,131.402
202,Dirty Sound,Dirty Sound,5rvsetbILK85DNRbNiHu4Y,S Moreno,149975,38,0.912,0.567,9,-8.286,1,0.309,0.047,5.53e-06,0.0557,0.757,92.465
203,De Paso por Lo Eterno (Canción del Extranjero),El Canto de Amor a la Vida,2rZlaN0elkLITXEXMCQTEk,Rafael Lechowski,407025,38,0.604,0.534,9,-9.347,0,0.0714,0.783,0.0,0.108,0.306,79.884
204,Diabla,Diabla,6F8y6NiaL6eLHyk9Sgi4tY,Godo,171975,41,0.608,0.505,9,-9.217,1,0.0968,0.0795,0.0,0.0876,0.181,174.064
205,Vivir para Contarlo,Vivir para Contarlo,17W8iO8o6sO87L4be1rB0l,Violadores Del Verso,359866,41,0.724,0.743,7,-5.188,1,0.307,0.065,0.0,0.0862,0.649,92.086
206,Se Desespera,Se Desespera,4CW47lJPYqupDgJpRc2JVy,KvndySwing,210233,42,0.867,0.372,11,-12.282,0,0.17,0.777,0.000384,0.43,0.736,96.998
207,Condenado Para El Millón,Homerun,5VIlWNT4PbYNoZLwVNz4lk,Paulo Londra,222376,62,0.643,0.75,11,-4.755,0,0.294,0.00531,0.0,0.298,0.208,75.3
208,Belfast (feat. InnerCut),Belfast (feat. InnerCut),7g723XabUKENr3DENYcS8u,Juancho Marqués,144000,50,0.783,0.587,10,-7.37,1,0.21,0.118,0.0,0.0775,0.502,90.027
209,La Isla del Encanto (feat. FERNANDOCOSTA),Blasfem On Air,5ZTqmIutlqPTWR7fJ2ipWp,Blasfem,180528,50,0.865,0.849,9,-7.679,0,0.207,0.0805,0.0,0.0903,0.636,105.013
210,Unexpected Love,Gun Shy,0fF8FbqavtIsD6AMDRuzHQ,Matt Wertz,219053,36,0.713,0.701,1,-6.224,1,0.036,0.0331,0.0,0.158,0.73,96.972
211,Alitas de mar (feat. Juanito Makandé),Crema,7ikoui4eGrHzzcOEaXtdZQ,Tu Otra Bonita,194050,51,0.653,0.605,7,-6.371,1,0.0368,0.581,0.0,0.101,0.531,157.838
212,Amor Real,Kind Of Red,3xa3GOL4ULp8GAdtbtMEZf,Agorazein,156521,29,0.767,0.486,2,-9.88,1,0.311,0.327,0.0,0.103,0.368,92.058
213,Sabré Olvidar,Primeras Canciones,60S6OqCPR6yDi8hVmbVHPR,Silvana Estrada,247959,49,0.331,0.57,7,-8.109,1,0.0561,0.637,0.000281,0.0783,0.38,185.928
214,Tralará,Esto Era,4FK7AeLUoexDhuybfz3mY3,Conchita,179711,41,0.727,0.741,2,-8.227,1,0.0404,0.488,0.0,0.307,0.645,100.003
215,Kiss Me Slowly,The Way It Was,72R0X0h8YaxYNpegeoOl0M,Parachute,235813,59,0.47,0.801,9,-6.426,1,0.0352,0.0758,3.53e-05,0.218,0.431,173.92
216,Frío,Frío,1UNuomb5tj6lONfsV9cGJd,Javypablo,184125,37,0.635,0.221,7,-11.829,1,0.116,0.864,2.34e-05,0.102,0.298,133.614
217,Vivir para Contarlo,Vivir para Contarlo,17W8iO8o6sO87L4be1rB0l,Violadores Del Verso,359866,41,0.724,0.743,7,-5.188,1,0.307,0.065,0.0,0.0862,0.649,92.086
218,Saturday Morning,Chesapeake,6iBSiOkLjLQ4aWxCOaViny,Rachael Yamagata,300146,30,0.672,0.644,2,-9.153,1,0.0277,0.452,0.00111,0.134,0.397,94.989
219,Clap,Presents the Incredible Adventures of Soul Villain & Friends In... Soultape,44P2EMPzauhEl3TPb2pdM2,Lex Luthorz,98274,44,0.689,0.926,5,-5.19,0,0.333,0.239,0.0,0.11,0.893,171.696
220,Caminant,Caminant,6ZYSTl2qHMJuwxBk9E1Gp1,Bredda,181841,18,0.393,0.803,8,-8.779,1,0.152,0.0371,0.0,0.209,0.409,200.115
221,Pretty Little Fears (feat. J. Cole),East Atlanta Love Letter,4at3d5QWnlibMVN75ECDrp,6LACK,240341,74,0.61,0.458,9,-11.336,1,0.36,0.696,0.000103,0.0852,0.246,192.099
222,Double Up (feat. Belly and Dom Kennedy),Victory Lap,4iVD0fTHGxV9JWloujsL3s,Nipsey Hussle,361280,64,0.604,0.436,2,-8.32,1,0.188,0.0544,0.000242,0.162,0.239,107.978
223,L'enfant terrible,L'enfant terrible,5k7Mhc8tpYZUA0NRfc37Su,Ayax y Prok,180000,48,0.764,0.877,1,-5.683,1,0.549,0.174,0.0,0.237,0.415,92.048
224,BIZCOCHITO,MOTOMAMI,4kXxEhuatrvwrTQycA7s9B,ROSALÍA,109120,80,0.93,0.774,1,-4.203,1,0.0744,0.605,0.0238,0.12,0.781,116.972
225,We Ball,Mr. Hood,5dv4YSgkpflUQ31vIW9qXg,Ace Hood,200655,62,0.752,0.525,10,-9.034,0,0.248,0.252,0.0,0.115,0.151,154.961
226,420 (Blaze Up),Neva Left,4hBy3nZVzQV4F3jxe1wWL1,Snoop Dogg,265301,55,0.381,0.659,2,-3.888,1,0.176,0.159,0.0,0.34,0.16,85.723
227,Tribe (with J. Cole),Milky Way,0YAQnYt2oB8OdoaeqnHyTI,Bas,238053,67,0.755,0.594,7,-5.906,1,0.216,0.241,0.0,0.107,0.237,178.929
228,San Lucas,San Lucas,75UMtPC77vqKRwfSuYuNPO,Kevin Kaarl,247196,81,0.577,0.363,7,-12.378,1,0.0263,0.86,0.000282,0.0868,0.265,91.511
229,Super Natural Flow,Remixes y Regalos (Edición Spotify),70S0jbQZUb2bLXa1EmSiIs,Kase.O,268158,40,0.883,0.472,8,-9.131,1,0.256,0.188,0.0,0.345,0.594,87.964
230,No Somos Nada,No Somos Nada,4keWYRTSZ27W5b6YDT6Xby,La Polla Records,164133,46,0.504,0.812,4,-9.155,0,0.0597,0.0441,0.0,0.241,0.543,145.055
231,Mon Amour - Remix,Mon Amour (Remix),5TMLavqGRKNxgzMBrVpC9R,zzoilo,179940,83,0.748,0.761,2,-6.621,1,0.102,0.122,6.56e-06,0.0984,0.362,116.041
232,Brumel,Brumel,1snVmxWHwliR4F3W4g7sKH,Luisaker,213488,20,0.794,0.695,10,-10.145,0,0.318,0.314,0.0,0.078,0.838,86.011
233,Gusanos de seda (feat. Kvinz),Yipiyou,2azhkSjS5mzLRfgGkYVM92,FERNANDOCOSTA,202527,51,0.598,0.904,8,-5.474,1,0.175,0.738,0.0,0.203,0.44,87.992
234,CAMBIANDO LA PIEL,OSCURO ÉXTASIS,2y2iEADc8O0Vv5IKHSs21i,WOS,158121,64,0.744,0.748,9,-3.728,1,0.184,0.0372,0.0,0.0985,0.962,110.984
235,Por el Aire,Por el Aire,7paIT5MzN2YAYoG4EzFz6q,Robleis,202083,54,0.723,0.602,5,-6.828,0,0.04,0.238,0.0,0.137,0.616,143.986
236,Monoblock (En Vivo),Monoblock (En Vivo),1nR9rvqxAErfFv4KiHEYkJ,ACRU,200000,42,0.47,0.961,11,-4.196,1,0.26,0.195,0.0,0.248,0.486,89.693
237,LA PRIMERA,POST MORTEM,4YKP5UKFofcfW7EMjIsVvG,Dillom,199055,65,0.762,0.647,11,-4.598,0,0.172,0.467,0.00147,0.146,0.335,173.924
238,Calamar,Calamar,1ctzrEF2UR9iirF9Inftni,Luisaker,195348,21,0.669,0.829,9,-4.177,0,0.107,0.0959,0.0,0.118,0.249,86.03
239,Abrazado a la tristeza,Poesía Básica,642o0DxSdM0JAGJKoGhtcL,Extrechinato y Tu,339960,39,0.421,0.331,4,-16.587,0,0.0341,0.332,0.014,0.109,0.394,155.936
240,13,Donde Duele Inspira,0dJ7DWDuDVL32ARZDZ51Ma,Flowklorikos,171440,50,0.821,0.756,5,-5.391,0,0.132,0.375,0.000282,0.346,0.966,90.001
241,Llena Luna,Llena Luna,5Up01pv2RyR1YOyx5ggo2U,John Pollõn,185500,46,0.891,0.379,8,-12.176,0,0.0625,0.474,5.77e-06,0.093,0.922,120.003
242,HI TECH,HI TECH,5lsFas5fTdn2RJS66gvCwS,Hoke,199875,45,0.537,0.402,8,-12.9,0,0.406,0.608,0.0,0.127,0.581,86.072
243,BEAST MODE,VISIÓN TÚNEL,6MPGwPHEhVt4CwSP7gFCq9,Cruz Cafuné,157799,44,0.879,0.505,4,-7.697,0,0.398,0.528,0.0,0.144,0.726,100.084
244,Herside Story,At What Cost,564oa00vY05d1uYnTEAAmE,GoldLink,183760,61,0.885,0.595,7,-5.487,1,0.286,0.656,4.42e-06,0.105,0.754,148.034
245,Triple Double,Mac & Cheese 3,3HSWza0Gz15Ungnd4m4lMo,French Montana,227840,39,0.491,0.854,10,-3.892,0,0.351,0.402,0.0,0.396,0.567,81.324
246,"Pavos Reales (con Hermano L, Shabu One Shant y Mcklopedia)",El Círculo (Versión Exclusiva de Spotify),4HVYBeELSvhfGmWwFoZr4p,Kase.O,271733,56,0.837,0.519,11,-6.765,0,0.409,0.139,0.0,0.0561,0.879,82.935
247,Woods,Circles,3Qa944OTMZkg8DHjET8JQv,Mac Miller,286386,68,0.779,0.362,0,-10.847,1,0.0474,0.135,0.206,0.111,0.46,85.011
248,Suspicions,You,4nRKMlLUK5sLa8lmuEA9iv,Larry Lovestein & The Velvet Revival,220499,57,0.757,0.384,9,-10.976,0,0.0441,0.776,0.0,0.112,0.385,109.98
249,Peligroso,Last 2 People on Earth,2Dd3CMdtTwCHqqMh4FObn5,Ébano,274285,31,0.661,0.736,1,-6.675,0,0.395,0.537,0.000863,0.0923,0.631,111.219
250,Groovin' Slowly,Grand National,6dPcB98DDh5H0lz4wfrF9h,John Butler Trio,273373,24,0.796,0.379,9,-9.565,1,0.14,0.533,6.69e-06,0.0947,0.462,130.25
251,Freestyle (feat. Eminem),The Streetsweeper Vol. 1,2oFrmDswt3KFDeXcTf26df,DJ Kay Slay,106533,45,0.753,0.413,6,-7.936,1,0.507,0.0996,0.0,0.169,0.356,79.722
252,Someday I'm Going Away,One Less Sound,3pyGV11eXg5hht9JWBrInI,The Hip Abduction,287768,34,0.544,0.63,4,-7.716,1,0.0425,0.0141,0.296,0.105,0.498,127.924
253,Take It or Leave It,Yours Truly (Deluxe Edition),0qdnPX9umHlQBQuv2sYZlo,Sublime With Rome,232813,53,0.677,0.716,9,-6.312,1,0.272,0.0367,0.0,0.148,0.828,164.022
254,Babysit,Medicinal,06MfnU3X4THjc8NqO2kspQ,Luisaker,230000,27,0.88,0.565,8,-8.271,1,0.342,0.364,1.98e-05,0.0843,0.763,119.924
255,All Ways Love,"Campfire Anthems, Vol. I",1sfAxYGCFIz5M17vHimFxj,Tubby Love,222850,44,0.764,0.674,0,-7.677,1,0.103,0.291,8.07e-06,0.12,0.628,88.041
256,Hard Times,A Dollar Short & A Minute Late,2xfF8ebm1aydnxsNg8pkhI,Landon McNamara,207121,33,0.618,0.575,0,-6.879,1,0.0793,0.0363,0.0,0.242,0.643,164.831
257,Let's Get It Started - Spike Mix,Elephunk,4hfIVhq0F0zFUcrbecsYmo,Black Eyed Peas,217733,69,0.783,0.794,11,-2.231,0,0.12,0.105,0.0,0.304,0.805,104.963
258,"Sitting, Waiting, Wishing",In Between Dreams,1dnXuEuApvuVqQCn0v9McL,Jack Johnson,183720,68,0.766,0.547,0,-7.25,1,0.0264,0.229,1.5e-05,0.104,0.556,105.01
259,Average Man,Cheers,11hzOPHX26bpaphMjWLwjy,Obie Trice,256800,45,0.601,0.888,7,-2.64,1,0.165,0.00196,0.0,0.326,0.344,80.029
260,Bebé,Se Trata de Mi,20RARE6NnfAh15fOAaVpt4,Albany,163298,43,0.855,0.496,5,-7.72,1,0.0642,0.452,0.000456,0.169,0.742,97.017
261,Talismán,De Inmensidades,76h8muP1NJh37fVbZYA1Bn,Sharif,158292,40,0.704,0.595,0,-9.653,1,0.238,0.656,0.0,0.113,0.0998,89.965
262,Santa,Sobredosis De Amor,6MyRdmaBJDpw8oD43ePfyj,Cupido,198537,46,0.527,0.596,5,-12.554,1,0.0692,0.348,0.0,0.42,0.483,169.929
263,Por Ti,Por Ti,6IfZH3WQjwzzzuaWusWCoX,Sen Senra,168292,46,0.683,0.48,0,-11.158,0,0.142,0.278,0.0,0.109,0.0854,82.025
264,Chispa y Oxígeno,Vértigo,5SBqoQ1GNWw3SraFBAasbL,Lágrimas De Sangre,344377,46,0.606,0.663,7,-7.037,1,0.317,0.7,0.0,0.306,0.586,169.977
265,30 Veranos de Fuego,La Conciencia,5Ib31rKEr1Qv46diT208yr,Nuñez,211914,30,0.584,0.828,9,-6.584,1,0.113,0.0914,1.22e-06,0.125,0.503,93.919
266,Maldito,Cosas Del Diablo,3IlGn2j1CIIUPbI6gpAxH9,Adriel Favela,289733,39,0.711,0.613,6,-8.246,1,0.0301,0.278,9.01e-06,0.105,0.539,92.741
267,Bando Boyz Free 2,Bando Boyz Free 2,4D3fwZeOechinXHc72oCir,Kidd Keo,201290,56,0.84,0.45,1,-10.137,1,0.379,0.164,0.0,0.101,0.523,77.503
268,Pa' Siempre,Pa' Siempre,4sNJypfn8pYr8Wu65Sovhg,Doble,211000,28,0.77,0.658,1,-9.137,0,0.692,0.555,0.0,0.102,0.7,79.934
269,Todo Llegara,Dos,2btQiSs3k9CHFAgFsWm3DF,Kaze y Beto,181002,26,0.704,0.707,11,-5.888,0,0.38,0.179,0.0,0.0669,0.567,90.014
270,In My Head,In My Head,1HvTxgCj0mTzQlEo0zLvFb,Lil Tjay,135264,78,0.684,0.545,1,-6.885,1,0.121,0.159,0.0,0.102,0.407,143.049
271,Tu Encanto,Tu Encanto,0zRCH3vyASd7BEQ6bFdbol,Conociendo Rusia,211992,54,0.571,0.939,7,-4.222,1,0.0592,0.0489,0.0,0.414,0.655,122.061
272,El camí,Viva,3946UXm7EfFpXQ5RTMlpVt,Sanjosex,126223,18,0.671,0.63,4,-8.311,1,0.0365,0.504,0.000178,0.123,0.526,86.062
273,Mamma Mia,Mamma Mia,4M2pEmKMDhCPcBI7z8uayu,Kaze,169730,38,0.694,0.445,8,-12.768,1,0.495,0.589,0.0,0.0964,0.701,78.314
274,Experimento,Experimento,6c32C8T3KlXrbvWSoD5aON,Myke Towers,222728,75,0.805,0.806,6,-3.589,0,0.0393,0.0828,0.0,0.156,0.682,110.042
275,Cocotera,Días Extraños,7gTd2AyZcMVayzP1tTIczt,Alberto Gambino,212013,36,0.735,0.8,8,-8.229,1,0.109,0.328,0.0,0.0851,0.55,176.021
276,Yemen,El Círculo (Versión Exclusiva de Spotify),3OC3AO2zGgcyM7pAFO47YZ,Kase.O,263466,55,0.714,0.544,11,-7.047,0,0.418,0.257,0.0,0.197,0.92,82.841
277,No Sabe Igual,No Sabe Igual,6EOtXcUQza8Ct4R2gyLWFl,Rels B,136062,69,0.734,0.404,6,-11.376,1,0.416,0.487,0.00522,0.0803,0.409,162.834
278,5:05 pm,APO0€AL1P$¡ pt1,6Aynlk4MEhjnJmvrBXUhA4,Leïti Sene,211882,48,0.777,0.617,11,-7.93,1,0.0501,0.0693,0.0,0.131,0.66,110.035
279,Tick Tock,Tick Tock,3JXebpWufTcs8iegiRCBW7,Young Thug,159240,49,0.944,0.693,11,-8.605,0,0.266,0.00789,0.0,0.164,0.626,134.061
280,BEAST MODE,VISIÓN TÚNEL,6MPGwPHEhVt4CwSP7gFCq9,Cruz Cafuné,157799,44,0.879,0.505,4,-7.697,0,0.398,0.528,0.0,0.144,0.726,100.084
281,Todo por Nada,De Ningun Sitio A Ninguna Parte,5va0Y8ss6JzvTkgBVyOT6f,M.C.D.,233824,24,0.476,0.841,1,-10.501,0,0.0325,0.00238,0.0,0.0627,0.688,95.112
282,COMO UN BEBÉ,OASIS,7knLcYCOSaURD0d7HUULFM,J Balvin,218826,71,0.825,0.807,6,-5.753,1,0.0949,0.0732,4.79e-06,0.138,0.816,103.053
283,5:05 pm,APO0€AL1P$¡ pt1,6Aynlk4MEhjnJmvrBXUhA4,Leïti Sene,211882,48,0.777,0.617,11,-7.93,1,0.0501,0.0693,0.0,0.131,0.66,110.035
284,Gracias y Desgracias de una Farola,Doble Vida,0yj86rkJwHrKgIe9DsflYF,Sho-Hai,181066,29,0.903,0.648,1,-6.513,1,0.295,0.0567,1.54e-06,0.0496,0.873,91.065
285,Story of My Life,Midnight Memories (Deluxe),4nVBt6MZDDP6tRVdQTgxJg,One Direction,245493,82,0.6,0.663,3,-5.802,1,0.0477,0.225,0.0,0.119,0.286,121.07
286,Comancheria,Comancheria,6nSmBTQCy2yZLj8NjNnqcL,Los Chikos del Maiz,208346,41,0.588,0.94,11,-4.62,0,0.315,0.37,0.0,0.107,0.725,96.965
287,BURN IT DOWN,LIVING THINGS,7oVEtyuv9NBmnytsCIsY5I,Linkin Park,230253,74,0.585,0.972,9,-4.45,0,0.0534,0.0143,0.0,0.0707,0.585,110.006
288,Hajime Sorayama,Luz Rosa,1Tp815L1NbPlmTX0rfif18,Enry-K,186000,35,0.632,0.682,1,-5.599,0,0.128,0.41,0.0,0.173,0.393,165.846
289,Quieres,R de Rumba,1uUnzES6P7vI4uzDienIFm,R De Rumba,225773,41,0.714,0.941,4,-3.081,1,0.345,0.0291,0.0,0.111,0.701,184.57
290,Demons,Demons,3Ks8YWYK7cBZgWl0sEHLh1,Nadal015,236030,45,0.702,0.73,7,-5.761,1,0.216,0.508,0.0,0.17,0.245,70.015
291,Cantando,Vivir para Contarlo,5AIwfXYjGkWCs4KeeTk2Rq,Violadores Del Verso,332853,55,0.826,0.765,0,-6.077,1,0.435,0.132,0.0,0.0555,0.849,90.628
292,Sème,Sème,0Fjuj5gkRlEhsqHBYpukE1,Aya Waska,216755,38,0.79,0.806,6,-7.105,0,0.19,0.32,0.0,0.105,0.719,87.028
293,Sous le ciel de Paris,Paris,5YulgBMVGC8EzuuIQsIke3,Zaz,197577,41,0.305,0.636,11,-6.711,0,0.0446,0.395,0.0,0.0999,0.358,79.788
294,Désolé,Désolé,6cmuDF8w1aefn3wezHSZ4g,Kaydy Cain,174602,52,0.704,0.689,3,-8.029,0,0.157,0.0602,0.0,0.111,0.582,87.828
295,Actitud,Actitud,1ecfc1uvGpW5OBKaPpbWtL,Petit Ribery,143617,42,0.822,0.456,4,-11.912,0,0.0866,0.76,0.0258,0.124,0.225,94.065
296,I Don't Wanna Wait,Born In Babylon,3mSbNLud6nCqhiO7qS1PB7,SOJA,357539,50,0.803,0.536,9,-5.14,1,0.0386,0.0333,1.34e-05,0.175,0.592,126.038
297,Comfortably Numb,The Wall,5HNCy40Ni5BZJFw1TKzRsC,Pink Floyd,382296,73,0.472,0.366,11,-12.595,0,0.0286,0.15,0.312,0.0837,0.171,127.163
298,Comment te dire adieu - Remasterisé en 2016,Comment te dire adieu (Remasterisé en 2016),6g5qyQrAcoBX4X7XjxBoTO,Françoise Hardy,148506,59,0.711,0.586,10,-9.78,0,0.0514,0.435,6.48e-06,0.15,0.931,124.058
299,Come As You Are,MTV Unplugged In New York,3sYWyVGfPuit80szWXhrRA,Nirvana,253906,65,0.683,0.766,5,-8.733,0,0.041,0.554,0.00346,0.0815,0.568,119.19
